<?xml version="1.0" encoding="UTF-8"?>
<!--
 ~ Hibernate OGM, Domain model persistence for NoSQL datastores
 ~
 ~ License: GNU Lesser General Public License (LGPL), version 2.1 or later
 ~ See the lgpl.txt file in the root directory or <http://www.gnu.org/licenses/lgpl-2.1.html>.
  -->
<module xmlns="urn:jboss:module:1.1" name="org.hibernate.ogm.neo4j" slot="main">
    <resources>
        <resource-root path="hibernate-ogm-neo4j-4.1.0.Final.jar" />
        <resource-root path="neo4j-2.1.6.jar" />
        <resource-root path="neo4j-cypher-2.1.6.jar" />
        <resource-root path="neo4j-cypher-commons-2.1.6.jar" />
        <resource-root path="neo4j-cypher-compiler-1.9-2.0.3.jar" />
        <resource-root path="neo4j-cypher-compiler-2.0-2.0.3.jar" />
        <resource-root path="neo4j-cypher-compiler-2.1-2.1.6.jar" />
        <resource-root path="neo4j-lucene-index-2.1.6.jar" />
        <resource-root path="neo4j-kernel-2.1.6.jar" />
        <resource-root path="neo4j-udc-2.1.6.jar" />
        <resource-root path="neo4j-graph-algo-2.1.6.jar" />
        <resource-root path="neo4j-graph-matching-2.1.6.jar" />
        <resource-root path="neo4j-jmx-2.1.6.jar" />
        <resource-root path="parboiled-scala_2.10-1.1.6.jar" />
        <resource-root path="scala-library-2.10.4.jar" />
        <resource-root path="neo4j-primitive-collections-2.1.6.jar" />
        <resource-root path="concurrentlinkedhashmap-lru-1.3.1.jar" />
    </resources>
    <dependencies>
        <module name="org.hibernate" services="import" slot="ogm" />
        <module name="org.hibernate.hql" slot="1.1.0.Final" />

        <module name="javax.api" />
        <module name="javax.persistence.api" />
        <module name="javax.transaction.api" />
        <module name="javax.validation.api" />
        <module name="org.apache.lucene" />
        <module name="org.jboss.logging" />
        <module name="org.parboiled" />
    </dependencies>
</module>
