<?xml version="1.0" encoding="UTF-8"?>
<!--
 ~ Hibernate OGM, Domain model persistence for NoSQL datastores
 ~
 ~ License: GNU Lesser General Public License (LGPL), version 2.1 or later
 ~ See the lgpl.txt file in the root directory or <http://www.gnu.org/licenses/lgpl-2.1.html>.
  -->
<module xmlns="urn:jboss:module:1.1" name="org.hibernate.hql" slot="1.1.0.Final">
    <properties>
        <property name="jboss.api" value="private"/>
    </properties>

    <resources>
        <resource-root path="hibernate-hql-lucene-1.1.0.Final.jar"/>
        <resource-root path="hibernate-hql-parser-1.1.0.Final.jar"/>
        <resource-root path="antlr-runtime-3.4.jar"/>
    </resources>

    <dependencies>
        <module name="javax.api"/>
        <module name="org.hibernate.search.engine" optional="true" slot="5.0.0.Final" />
        <module name="org.jboss.logging"/>
    </dependencies>
</module>
